item_id,category,title,scientific_basis,keywords,related_data_fields,warning_indicators,adaptive_actions
KNOW_6ef6c1e4,高温热浪监测,基于当日最高温的热浪实时判定,当某地当日最高气温连续 3 天及以上达到或超过 35℃时，符合我国气象学意义上的热浪基本判定标准，高温暴露风险显著升高,"符合我国气象学意义上的热浪基本判定标准, 天及以上达到或超过, 且连续出现天数, 应对措施, 启动区域高温实时监测日报制度, 类别, 高温热浪监测, 预警指标, 划定高温影响范围, Present_Tmax, 基于当日最高温的热浪实时判定, 向该区域推送基础高温防护提示, 通过, 标题, 结合, 定位区域高温集中分布特征, 35℃, 科学依据, 高温暴露风险显著升高, 当某地当日最高气温连续","Present_Tmax, lat, lon",Present_Tmax ≥35℃，且连续出现天数≥3 天；结合 lat/lon 定位区域高温集中分布特征,启动区域高温实时监测日报制度，通过 lat/lon 划定高温影响范围，向该区域推送基础高温防护提示
KNOW_0c72086f,高温热浪预测,预测最高温与热浪持续时间关联预警,Next_Tmax 持续高于 37℃时，表明高温能量累积效应明显，热浪大概率延续且强度可能升级，需提前预留防护准备时间,"调整户外作业计划, 应对措施, 且预测连续天数, 37℃, 需提前预留防护准备时间, 预测最高温与热浪持续时间关联预警, 通知相关部门提前准备降温物资, 类别, 预判重点影响区域的空间分布, 预警指标, 热浪大概率延续且强度可能升级, 通过, 标题, 表明高温能量累积效应明显, 向预判区域发布热浪预警提示, 持续高于, 高温热浪预测, 科学依据, Next_Tmax","Next_Tmax, lat, lon",Next_Tmax ≥37℃，且预测连续天数≥2 天；通过 lat/lon 预判重点影响区域的空间分布,向预判区域发布热浪预警提示，通知相关部门提前准备降温物资，调整户外作业计划
KNOW_986b3ce7,高温热浪强度分级,结合最小湿度的热浪强度评估,高温环境下，LDAPS_RHmin 越低，人体汗液蒸发散热效率越低，体感温度显著高于实际气温，热应激风险呈指数级上升,"二级, 应对措施, 40%, 较强, 39℃, 极强热浪时暂停午后高温时段户外作业, 高温环境下, 人体汗液蒸发散热效率越低, 类别, 较强热浪时增加户外补水频次, 高温热浪强度分级, 体感温度显著高于实际气温, LDAPS_RHmin, 预警指标, 极强, 开放临时降温场所, 结合最小湿度的热浪强度评估, 热应激风险呈指数级上升, 越低, Present_Tmax, 标题, 35℃, 科学依据, 30%, Next_Tmax, 一级","Present_Tmax, Next_Tmax, LDAPS_RHmin",一级（较强）：Present_Tmax≥35℃+LDAPS_RHmin≤40%；二级（极强）：Next_Tmax≥39℃+LDAPS_RHmin≤30%,较强热浪时增加户外补水频次；极强热浪时暂停午后高温时段户外作业，开放临时降温场所
KNOW_48c42f73,城市热岛协同预警,城市热岛与热浪的叠加风险预警,urban_heat_island 效应会使城市中心区域气温较郊区偏高 2-5℃，与热浪叠加后将形成极端高温核心区，热相关疾病发病率显著增加,"5℃, 效应会使城市中心区域气温较郊区偏高, 工业区, 36℃, 在城市热岛核心区增设降温喷淋设施, 应对措施, 热相关疾病发病率显著增加, 锁定城市热岛核心区域, 类别, 如市中心, 预警指标, 与热浪叠加后将形成极端高温核心区, 重点保障老弱病残群体防护, 城市热岛协同预警, 城市热岛与热浪的叠加风险预警, Present_Tmax, 标签激活, 通过, 标题, 延长公共场馆空调开放时间, 科学依据","Present_Tmax, urban_heat_island, lat, lon",urban_heat_island 标签激活 + Present_Tmax≥36℃；通过 lat/lon 锁定城市热岛核心区域（如市中心、工业区）,在城市热岛核心区增设降温喷淋设施，延长公共场馆空调开放时间，重点保障老弱病残群体防护
KNOW_c500e726,高海拔区域高温防护,高海拔地区热浪的特殊性防护,DEM（海拔）≥1500 米区域虽大气温度略低，但紫外线辐射强度随海拔升高显著增强，热浪期间强紫外线与高温叠加易引发晒伤与热射病,"同时保障饮用水供应, 热浪期间强紫外线与高温叠加易引发晒伤与热射病, 米区域虽大气温度略低, DEM, 应对措施, 类别, 32℃, 高海拔地区热浪的特殊性防护, 要求户外出行佩戴遮阳装备, 预警指标, 海拔, 高海拔区域高温防护, Present_Tmax, 降温双重提示, 向高海拔区域居民推送防晒, 定位高海拔聚居区, 但紫外线辐射强度随海拔升高显著增强, 标题, 结合, 科学依据","DEM, Present_Tmax, lat, lon",DEM≥1500 米 + Present_Tmax≥32℃；结合 lat/lon 定位高海拔聚居区,向高海拔区域居民推送防晒 + 降温双重提示，要求户外出行佩戴遮阳装备，同时保障饮用水供应
KNOW_cc3d0ebe,热浪应急响应触发,基于多指标的热浪应急响应启动阈值,Present_Tmax 反映当前高温强度，Next_Tmax 预判发展趋势，LDAPS_RHmin 评估体感风险，三者协同满足阈值时，需启动规范化应急响应,"预判发展趋势, 三者协同满足阈值时, 评估体感风险, 38℃, 应对措施, 35%, 协调医疗部门增设热射病急救通道, 反映当前高温强度, 39℃, 启动高温应急响应预案, 类别, 调度洒水车在重点路段进行降温作业, LDAPS_RHmin, 需启动规范化应急响应, 预警指标, Present_Tmax, 基于多指标的热浪应急响应启动阈值, 标签激活, 标题, 热浪应急响应触发, 科学依据, Next_Tmax","Present_Tmax, Next_Tmax, LDAPS_RHmin, heatwave",heatwave 标签激活 + Present_Tmax≥38℃+Next_Tmax≥39℃+LDAPS_RHmin≤35%,启动高温应急响应预案，协调医疗部门增设热射病急救通道，调度洒水车在重点路段进行降温作业
KNOW_b2081f00,风速调节下的热浪防护优化,利用风速数据优化热浪防护策略,LDAPS_WS（风速）≥2m/s 时，可促进空气流通，降低局部高温累积，缓解人体热应激；风速≤1m/s 时，高温环境易形成静风逆温层，热风险加剧,"LDAPS_WS, 高风险时缩小户外作业活动范围, 应对措施, 利用风速数据优化热浪防护策略, 高温环境易形成静风逆温层, 缓解人体热应激, 类别, 中等风险时可适当延长户外作业间隔时间, 预警指标, 热风险加剧, 风速, 可促进空气流通, 降低局部高温累积, 增加降温休息频次, 风速调节下的热浪防护优化, Present_Tmax, 高风险, 标题, 35℃, 科学依据, 中等风险","Present_Tmax, LDAPS_WS",Present_Tmax≥35℃+LDAPS_WS≤1m/s（高风险）；Present_Tmax≥35℃+LDAPS_WS≥2.5m/s（中等风险）,高风险时缩小户外作业活动范围，增加降温休息频次；中等风险时可适当延长户外作业间隔时间
KNOW_2d682a3d,热浪持续期健康监测,基于连续高温数据的健康风险预警,Present_Tmax 连续 5 天≥35℃时，人体热适应能力接近极限，尤其是老年人、慢性病患者等易感人群，热衰竭发病率大幅上升,"应对措施, 开通健康咨询热线, 类别, 人体热适应能力接近极限, 慢性病患者等易感人群, 预警指标, 热衰竭发病率大幅上升, 社区开展上门健康巡查, 且连续天数, 连续, 定位老年人口密集社区, Present_Tmax, 通过, 标题, 尤其是老年人, 为易感人群提供降温药品与饮用水, 养老院分布区域, 35℃, 科学依据, 热浪持续期健康监测, 基于连续高温数据的健康风险预警","Present_Tmax, lat, lon",Present_Tmax≥35℃且连续天数≥5 天；通过 lat/lon 定位老年人口密集社区、养老院分布区域,社区开展上门健康巡查，为易感人群提供降温药品与饮用水，开通健康咨询热线
KNOW_1350f7ec,热浪预测精度优化,结合经纬度的区域化热浪预测校准,不同 lat/lon 区域的地形、下垫面特征差异显著，影响高温形成与持续时间，基于经纬度细分区域可提升 Next_Tmax 预测精度,"影响高温形成与持续时间, 不同, 向各子区域推送精细化预测结果, DEM, 下垫面特征差异显著, 预测值下调, 应对措施, 结合经纬度的区域化热浪预测校准, 类别, 区域的地形, 预警指标, 热浪预测精度优化, 8℃, 划分预测子区域, 区间内, 结合下垫面类型调整预测偏差, 标题, 基于经纬度细分区域可提升, 同一, 提高基层防护决策针对性, 科学依据, 预测精度, 每增加, Next_Tmax","Next_Tmax, lat, lon, DEM",同一 DEM 区间内，lat 每增加 1°，Next_Tmax 预测值下调 0.8℃；lon 每增加 1°，结合下垫面类型调整预测偏差,按 lat/lon+DEM 划分预测子区域，向各子区域推送精细化预测结果，提高基层防护决策针对性
KNOW_125af1ae,极端高温灾害预警,40℃以上极端高温的紧急预警,Present_Tmax≥40℃时，人体体温调节功能极易失调，短时间暴露即可引发热射病等致命性疾病，属于极端高温灾害范畴,"暂停所有户外作业与大型户外活动, 标题, 发布红色高温预警, 标签激活, 类别, 人体体温调节功能极易失调, 属于极端高温灾害范畴, 40℃, 科学依据, 实时更新极端高温影响范围, 应对措施, 组织力量向受影响区域紧急调配降温设备与医疗资源, 以上极端高温的紧急预警, Present_Tmax, 极端高温灾害预警, 预警指标, 短时间暴露即可引发热射病等致命性疾病, 通过","Present_Tmax, heatwave, lat, lon",heatwave 标签激活 + Present_Tmax≥40℃；通过 lat/lon 实时更新极端高温影响范围,发布红色高温预警，暂停所有户外作业与大型户外活动，组织力量向受影响区域紧急调配降温设备与医疗资源
KNOW_42e73caf,湿度 - 温度联合预警模型,温湿度指数的热浪防护阈值设定,温湿度指数（THI）=0.81×Present_Tmax + 0.01×LDAPS_RHmin×(0.99×Present_Tmax - 14.3) + 46.3，THI≥86 时人体舒适度显著下降，热应激风险升高,"温度联合预警模型, 危险, 不适时减少室内外温差, 应对措施, 类别, THI, 温湿度指数的热浪防护阈值设定, LDAPS_RHmin, 温湿度指数, 预警指标, 不适, 危险时避免长时间停留户外, Present_Tmax, 热应激风险升高, 标题, 极端危险时需在专业降温环境中活动, 时人体舒适度显著下降, 极端危险, 科学依据, 湿度","Present_Tmax, LDAPS_RHmin",THI≥86（不适）；THI≥92（危险）；THI≥98（极端危险）,不适时减少室内外温差；危险时避免长时间停留户外；极端危险时需在专业降温环境中活动
KNOW_120c9199,城市热岛与风速的交互影响,城市热岛区域风速对热浪的缓解作用,urban_heat_island 区域因建筑密集导致通风不畅，LDAPS_WS≥3m/s 时可有效改善城市局部微气候，降低热岛强度 1-2℃，缓解热浪叠加效应,"LDAPS_WS, 在城市通风廊道关键节点拆除临时遮挡物, 时可有效改善城市局部微气候, 辅助降温, 应对措施, 类别, 降低热岛强度, 预警指标, 2℃, 城市热岛区域风速对热浪的缓解作用, 缓解不足, Present_Tmax, 标签激活, 城市热岛与风速的交互影响, 标题, 通过人工通风设备增强局部空气流通, 35℃, 科学依据, 缓解热浪叠加效应, 区域因建筑密集导致通风不畅","urban_heat_island, LDAPS_WS, Present_Tmax",urban_heat_island 标签激活 + Present_Tmax≥35℃+LDAPS_WS≤1.5m/s（缓解不足）,在城市通风廊道关键节点拆除临时遮挡物，通过人工通风设备增强局部空气流通，辅助降温
KNOW_6f14bd81,热浪期间农业防护,基于经纬度与高温数据的农业热浪防护,不同 lat/lon 对应的农作物类型与生育期不同，Next_Tmax≥38℃时，喜凉作物（如小麦、马铃薯）易发生热害，需针对性采取防护措施,"需针对性采取防护措施, 覆盖遮阳网等措施, 对应的农作物类型与生育期不同, 不同, 易发生热害, 热浪期间农业防护, 38℃, 提前采收接近成熟的作物, 应对措施, 指导农户采取灌溉降温, 如小麦, 类别, 识别喜凉作物种植集中区域, 预测持续天数, 预警指标, 喜凉作物, 通过, 标题, 马铃薯, 减少热害损失, 科学依据, 基于经纬度与高温数据的农业热浪防护, Next_Tmax","Next_Tmax, lat, lon",Next_Tmax≥38℃+ 预测持续天数≥2 天；通过 lat/lon 识别喜凉作物种植集中区域,指导农户采取灌溉降温、覆盖遮阳网等措施，提前采收接近成熟的作物，减少热害损失
KNOW_81ff6b67,高海拔高温灾害预判,高海拔区域热浪的灾害链预警,DEM≥2000 米区域热浪期间，高温易导致冰川、积雪融化加速，可能引发山区洪水、泥石流等次生灾害，需联动监测,"组织开展隐患点排查与转移避险准备, 高温易导致冰川, 需联动监测, DEM, 应对措施, 向沿线居民发布次生灾害预警, 类别, 高海拔高温灾害预判, 连续预测天数, 预警指标, 高海拔区域热浪的灾害链预警, 可能引发山区洪水, 定位山区河道沿线区域, 通过, 标题, Next_Tmax, 30℃, 加强山区水文监测, 科学依据, 米区域热浪期间, 积雪融化加速, 泥石流等次生灾害","DEM, Next_Tmax, lat, lon",DEM≥2000 米 + Next_Tmax≥30℃+ 连续预测天数≥3 天；通过 lat/lon 定位山区河道沿线区域,加强山区水文监测，向沿线居民发布次生灾害预警，组织开展隐患点排查与转移避险准备
KNOW_551d7d2f,热浪预警信息精准推送,基于经纬度的靶向预警信息分发,高温热浪的影响具有显著空间异质性，通过 lat/lon 精准定位受影响区域，可避免预警信息泛化，提高防护资源利用效率,"应对措施, 热浪预警信息精准推送, 通过手机定位向预警网格内用户推送精准预警信息, 类别, 高温热浪的影响具有显著空间异质性, 重点标注就近降温场所与医疗急救点位置, 预警指标, 可避免预警信息泛化, 划分预警网格, 提高防护资源利用效率, Present_Tmax, 标签激活, 通过, 标题, 精准定位受影响区域, 基于经纬度的靶向预警信息分发, 35℃, 科学依据, 识别网格内人口密度与关键设施分布","heatwave, lat, lon, Present_Tmax",heatwave 标签激活 + Present_Tmax≥35℃；按 lat/lon 划分预警网格，识别网格内人口密度与关键设施分布,通过手机定位向预警网格内用户推送精准预警信息，重点标注就近降温场所与医疗急救点位置
KNOW_889b1c20,热浪期间电力保障预警,高温负荷与热浪的电力供需预警,Present_Tmax≥36℃时，空调等降温设备使用率激增，区域电力负荷将达到峰值，易引发供电紧张或故障，需提前调度电力资源,"暂停非必要工业用电, 36℃, 定位城市高负荷区域, 应对措施, 类别, 预警指标, 高温负荷与热浪的电力供需预警, 空调等降温设备使用率激增, 需提前调度电力资源, 历史同期, 检修供电线路隐患, 区域电力负荷将达到峰值, 标签激活, 热浪期间电力保障预警, 易引发供电紧张或故障, Present_Tmax, 通过, 标题, 90%, 预测日均用电负荷, 科学依据, 启动电力负荷错峰预案, 对高负荷区域优先保障居民用电","Present_Tmax, urban_heat_island, lat, lon",urban_heat_island 标签激活 + Present_Tmax≥36℃+ 预测日均用电负荷≥历史同期 90%；通过 lat/lon 定位城市高负荷区域,启动电力负荷错峰预案，对高负荷区域优先保障居民用电，暂停非必要工业用电，检修供电线路隐患
KNOW_5dbe9c49,热浪防护时段优化,基于当日最高温出现时段的防护安排,Present_Tmax 通常出现在 13:00-16:00，该时段太阳辐射最强、地表热量累积最多，是热应激风险最高的时段，需重点规避,"且当日最高温出现时段为, 确保室内降温环境, 是热应激风险最高的时段, 应对措施, 调整户外作业时间为, 基于当日最高温出现时段的防护安排, 热浪防护时段优化, 类别, 预警指标, 地表热量累积最多, Present_Tmax, 通过, 标题, 通常出现在, 该时段太阳辐射最强, 35℃, 科学依据, 需重点规避, 强制安排休息, 确认该时段日照强烈区域","Present_Tmax, lat, lon",Present_Tmax≥35℃，且当日最高温出现时段为 13:00-16:00；通过 lat/lon 确认该时段日照强烈区域,调整户外作业时间为 6:00-11:00 和 17:00 后，13:00-16:00 强制安排休息，确保室内降温环境
KNOW_ae5dd2f9,热浪与空气质量协同防护,高温热浪与低湿度下的空气质量预警,LDAPS_RHmin≤35%+Present_Tmax≥35℃时，大气扩散条件差，污染物易累积，高温与空气污染叠加将加重呼吸系统负担,"污染物易累积, 大气扩散条件差, 应对措施, 35%, 热浪与空气质量协同防护, 类别, 高温与空气污染叠加将加重呼吸系统负担, LDAPS_RHmin, AQI, 预警指标, 建议居民减少外出, 锁定污染与高温叠加区域, 高温双重预警, 高温热浪与低湿度下的空气质量预警, Present_Tmax, 通过, 室内开启空气净化与降温设备, 标题, 向叠加区域发布空气重污染, 区域空气质量指数, 佩戴防霾防晒一体装备, 35℃, 科学依据","Present_Tmax, LDAPS_RHmin, lat, lon",Present_Tmax≥35℃+LDAPS_RHmin≤35%+ 区域空气质量指数（AQI）≥150；通过 lat/lon 锁定污染与高温叠加区域,向叠加区域发布空气重污染 + 高温双重预警，建议居民减少外出，佩戴防霾防晒一体装备，室内开启空气净化与降温设备
KNOW_9150bd51,热浪应急物资调配,基于预测数据的应急物资前置调配,Next_Tmax≥38℃且连续天数≥3 天时，降温物资（如饮用水、冰袋、防暑药品）需求将急剧增加，提前调配可避免供应短缺,"向重点区域前置调配足量降温物资, 冰袋, 如饮用水, 38℃, 应对措施, 提前调配可避免供应短缺, 标签与, 类别, 优先配送至养老院, 学校, 连续预测天数, 预警指标, 且连续天数, 建立物资补给绿色通道, 热浪应急物资调配, 防暑药品, 医院等人员密集场所, 确定物资重点投放区域, 标题, 降温物资, 基于预测数据的应急物资前置调配, 需求将急剧增加, 结合, 科学依据, 天时, Next_Tmax","Next_Tmax, lat, lon, urban_heat_island",Next_Tmax≥38℃+ 连续预测天数≥3 天；结合 urban_heat_island 标签与 lat/lon 确定物资重点投放区域,向重点区域前置调配足量降温物资，优先配送至养老院、学校、医院等人员密集场所，建立物资补给绿色通道
KNOW_111e3588,热浪结束判定与后续防护,热浪结束后的余热防护提示,热浪结束后（Present_Tmax<35℃且连续 2 天），地表与建筑仍存在余热累积，人体热适应状态尚未恢复，仍需保持基础防护,"继续发布余热防护提示, 地表与建筑仍存在余热累积, 避免突然停止降温措施, 逐步恢复正常户外活动强度, 仍需保持基础防护, 应对措施, 人体热适应状态尚未恢复, 提醒居民仍需保持补水习惯, 类别, 32℃, 标签激活记录, 预警指标, 热浪结束判定与后续防护, 热浪结束后, 且连续, 确认余热影响区域, Present_Tmax, 热浪结束后的余热防护提示, 通过, 标题, 天内有, 35℃, 科学依据","Present_Tmax, lat, lon",Present_Tmax<35℃但≥32℃+ 前 7 天内有 heatwave 标签激活记录；通过 lat/lon 确认余热影响区域,继续发布余热防护提示，避免突然停止降温措施，提醒居民仍需保持补水习惯，逐步恢复正常户外活动强度
KNOW_d4c24a2d,特殊人群热浪精准防护,基于经纬度与高温数据的特殊人群保障,老年人、婴幼儿、慢性病患者等特殊人群热耐受能力弱，在 Present_Tmax≥35℃环境下，热相关死亡率是普通人群的 3-5 倍，需精准保障,"基于经纬度与高温数据的特殊人群保障, 提供定制化防暑指导与物资支持, 热相关死亡率是普通人群的, 婴幼儿, 应对措施, 慢性病患者等特殊人群热耐受能力弱, 类别, 幼儿园, 预警指标, 老年人, 环境下, 对特殊场所开展专项降温保障, 定位养老院, Present_Tmax, 通过, 标题, 安排专人上门巡查健康状况, 慢性病医院等特殊场所分布, 35℃, 科学依据, 特殊人群热浪精准防护, 需精准保障","Present_Tmax, lat, lon, urban_heat_island",Present_Tmax≥35℃；通过 lat/lon 定位养老院、幼儿园、慢性病医院等特殊场所分布,对特殊场所开展专项降温保障，安排专人上门巡查健康状况，提供定制化防暑指导与物资支持
KNOW_3dde79b3,湿度梯度热浪风险,精细化湿度区间的热浪热应激分级,LDAPS_RHmin 在不同区间对人体散热的抑制作用存在显著差异，结合 Present_Tmax 可精准划分热应激风险等级，避免单一湿度阈值的局限性,"精细化湿度区间的热浪热应激分级, 应对措施, 35%, 避免单一湿度阈值的局限性, 37℃, 39℃, 类别, LDAPS_RHmin, 低风险时常规补水, 预警指标, 湿度梯度热浪风险, 25%, 在不同区间对人体散热的抑制作用存在显著差异, 中风险时每小时补水, Present_Tmax, 高风险, 标题, 中风险, 高风险时佩戴降温冰袋, 45%, 结合, 35℃, 科学依据, 分钟内, 可精准划分热应激风险等级, 缩短单次户外停留时间至, 低风险","Present_Tmax, LDAPS_RHmin",低风险：35℃≤Present_Tmax<37℃+35%<LDAPS_RHmin≤45%；中风险：37℃≤Present_Tmax<39℃+25%<LDAPS_RHmin≤35%；高风险：Present_Tmax≥39℃+LDAPS_RHmin≤25%,低风险时常规补水；中风险时每小时补水 200ml；高风险时佩戴降温冰袋，缩短单次户外停留时间至 15 分钟内
KNOW_a6eab6b2,昼夜温差热浪持续预警,昼夜温差小的热浪延续性判定,当 Present_Tmax≥35℃且夜间最低温≥28℃（间接通过 Present_Tmax 与降温幅度推导）时，地表与大气余热无法有效散发，次日 Next_Tmax 大概率维持高温，热浪易持续升级,"次日, 向居民推送夜间通风降温指导, 地表与大气余热无法有效散发, 36℃, 与降温幅度推导, 应对措施, 大概率维持高温, 28℃, 类别, 昼夜温差热浪持续预警, 间接通过, 预警指标, 昼夜温差小的热浪延续性判定, 夜间预测最低温, 7℃, 延长夜间降温设施运行时间, 企业提前调整次日户外作业计划, 热浪易持续升级, Present_Tmax, 标题, 且夜间最低温, 35℃, 科学依据, Next_Tmax","Present_Tmax, Next_Tmax, lat, lon",Present_Tmax≥35℃+（Present_Tmax - 夜间预测最低温）≤7℃；Next_Tmax≥36℃,延长夜间降温设施运行时间，向居民推送夜间通风降温指导，企业提前调整次日户外作业计划
KNOW_cd6617bb,中海拔热浪防护,中海拔区域（800-1500 米）热浪专项防护,DEM 800-1500 米区域兼具一定紫外线强度与高温累积效应，人体热适应能力介于平原与高海拔之间，易因防护不足引发热疲劳,"中海拔热浪防护, 定位中海拔城镇与交通干线, 米区域兼具一定紫外线强度与高温累积效应, DEM, 易因防护不足引发热疲劳, 应对措施, 在中海拔公路服务区增设降温休息区, 类别, 33℃, 人体热适应能力介于平原与高海拔之间, 热浪专项防护, 预警指标, 中海拔区域, Present_Tmax, 标题, 结合, 科学依据, 指导户外劳作时交替进行遮阳与作业, 向当地居民发放轻薄防晒衣物","DEM, Present_Tmax, lat, lon",800m≤DEM<1500m+Present_Tmax≥33℃；结合 lat/lon 定位中海拔城镇与交通干线,在中海拔公路服务区增设降温休息区，向当地居民发放轻薄防晒衣物，指导户外劳作时交替进行遮阳与作业
KNOW_420410ea,高原城市热岛叠加预警,高海拔城市热岛与热浪的协同风险,DEM≥1500 米的城市（如西宁、丽江），urban_heat_island 效应使城区气温较郊区偏高 1.5-3℃，与热浪叠加后，高温 + 强紫外线 + 低氧环境形成复合风险,"低氧环境形成复合风险, 医院加装紫外线过滤窗, 锁定高原城市核心区, 与热浪叠加后, DEM, 3℃, 应对措施, 在高原城市核心区配备制氧, 效应使城区气温较郊区偏高, 类别, 32℃, 养老院, 如西宁, 丽江, 米的城市, 高原城市热岛叠加预警, 小时户外剧烈活动, 预警指标, 限制午后, Present_Tmax, 标签激活, 高温, 降温一体化设施, 通过, 标题, 强紫外线, 高海拔城市热岛与热浪的协同风险, 科学依据","DEM, urban_heat_island, Present_Tmax, lat, lon",DEM≥1500m+urban_heat_island 标签激活 + Present_Tmax≥32℃；通过 lat/lon 锁定高原城市核心区,在高原城市核心区配备制氧 + 降温一体化设施，养老院、医院加装紫外线过滤窗，限制午后 2 小时户外剧烈活动
KNOW_5ddd3367,热浪交通运营安全,高温热浪下的道路交通安全预警,Present_Tmax≥38℃时，沥青路面温度可达 60℃以上，轮胎摩擦系数下降，车辆爆胎风险升高；同时高温易导致驾驶员注意力不集中,"同时高温易导致驾驶员注意力不集中, 日间通行风险, 车辆爆胎风险升高, 以上, 38℃, 应对措施, 次日早高峰预热风险, 60℃, 37℃, 高温热浪下的道路交通安全预警, 类别, 轮胎摩擦系数下降, 物流企业调整运输时段避开午后高温, 发布驾驶员高温防疲劳提示, 城市快速路, 预警指标, Present_Tmax, 热浪交通运营安全, 通过, 标题, 定位高速公路, 对重点路段进行洒水降温, 科学依据, Next_Tmax, 沥青路面温度可达","Present_Tmax, Next_Tmax, lat, lon",Present_Tmax≥38℃（日间通行风险）；Next_Tmax≥37℃（次日早高峰预热风险）；通过 lat/lon 定位高速公路、城市快速路,对重点路段进行洒水降温，发布驾驶员高温防疲劳提示，物流企业调整运输时段避开午后高温
KNOW_d3e235ed,儿童热浪精准防护,婴幼儿与学龄儿童的热浪专项保障,儿童体温调节系统尚未发育完全，在 Present_Tmax≥35℃环境下，热射病发病率是成人的 2.8 倍，尤其在 urban_heat_island 区域风险更高,"区域风险更高, 学校暂停高温时段户外活动, 应对措施, 婴幼儿与学龄儿童的热浪专项保障, 定位幼儿园, 小学, 儿童热浪精准防护, 类别, 向家长推送儿童专用防暑药品使用指南, 尤其在, 预警指标, 环境下, 儿童体温调节系统尚未发育完全, 儿童乐园等儿童密集区域, Present_Tmax, 通过, 标题, 热射病发病率是成人的, 35℃, 科学依据, 幼儿园增加午睡期间降温措施","Present_Tmax, urban_heat_island, lat, lon",Present_Tmax≥35℃；通过 lat/lon 定位幼儿园、小学、儿童乐园等儿童密集区域,学校暂停高温时段户外活动，幼儿园增加午睡期间降温措施，向家长推送儿童专用防暑药品使用指南
KNOW_e4248e90,孕妇热浪健康预警,妊娠期女性的热浪热应激防护,孕妇新陈代谢率高于普通人群，Present_Tmax≥34℃时，热应激易引发妊娠期高血压、胎儿宫内发育迟缓等问题，LDAPS_RHmin≤40% 时风险加倍,"34℃, 孕妇集中居住社区, 胎儿宫内发育迟缓等问题, 应对措施, 40%, 妇幼保健院开设高温专科门诊, 类别, LDAPS_RHmin, 预警指标, 孕妇新陈代谢率高于普通人群, 55%, 社区为孕妇提供上门降温物资配送, Present_Tmax, 热应激易引发妊娠期高血压, 通过, 标题, 孕妇热浪健康预警, 定位妇幼保健院, 时风险加倍, 科学依据, 建议孕妇减少外出并保持室内湿度, 妊娠期女性的热浪热应激防护","Present_Tmax, LDAPS_RHmin, lat, lon",Present_Tmax≥34℃+LDAPS_RHmin≤40%；通过 lat/lon 定位妇幼保健院、孕妇集中居住社区,妇幼保健院开设高温专科门诊，社区为孕妇提供上门降温物资配送，建议孕妇减少外出并保持室内湿度 45-55%
KNOW_9379cbbc,工业区热浪强化预警,工业热源与热浪的叠加风险防控,工业区存在工业余热排放，与热浪叠加后，局部区域 Present_Tmax 较周边偏高 3-4℃，同时 LDAPS_RHmin 更低，热相关工伤风险显著上升,"局部区域, 与热浪叠加后, 36℃, 定位工业园区, 应对措施, 工业区存在工业余热排放, 工业热源与热浪的叠加风险防控, 38%, 类别, 在车间加装强制通风降温设备, LDAPS_RHmin, 预警指标, 4℃, 避开, 制造业聚集区, 更低, 较周边偏高, Present_Tmax, 通过, 标题, 工业区热浪强化预警, 工业区实行错峰生产, 科学依据, 同时, 定期检测工人热耐受状态, 热相关工伤风险显著上升","Present_Tmax, LDAPS_RHmin, lat, lon",Present_Tmax≥36℃+LDAPS_RHmin≤38%；通过 lat/lon 定位工业园区、制造业聚集区,工业区实行错峰生产（避开 12:00-15:00），在车间加装强制通风降温设备，定期检测工人热耐受状态
KNOW_ee024692,低绿化区域热浪预警,绿化覆盖率低区域的热浪强化防护,绿化覆盖率低的区域（通过 lat/lon 关联土地利用数据）缺乏植被降温作用，与 urban_heat_island 效应叠加后，高温累积速度快，人体热舒适度极差,"缺乏植被降温作用, 应对措施, 类别, 人体热舒适度极差, 关联土地利用数据, 锁定城中村, 开放周边有绿化的公园作为临时降温场所, 预警指标, 效应叠加后, 老旧无绿化小区, Present_Tmax, 标签激活, 通过, 标题, 低绿化区域热浪预警, 35℃, 科学依据, 高温累积速度快, 绿化覆盖率低区域的热浪强化防护, 在低绿化区域临时布设移动绿化盆栽与喷淋装置, 绿化覆盖率低的区域","Present_Tmax, urban_heat_island, lat, lon",urban_heat_island 标签激活 + Present_Tmax≥35℃；通过 lat/lon 锁定城中村、老旧无绿化小区,在低绿化区域临时布设移动绿化盆栽与喷淋装置，开放周边有绿化的公园作为临时降温场所
KNOW_c16a49c1,室内高温防护预警,无空调设施区域的室内热浪防护,Present_Tmax≥37℃时，无空调的密闭室内温度可达 40℃以上，尤其老年独居家庭、老旧建筑，热射病风险远高于有降温设施的区域,"图书馆等公共降温场所, 40℃, 以上, 尤其老年独居家庭, 无空调的密闭室内温度可达, 应对措施, 37℃, 类别, 老旧建筑, 定位老旧小区, 热射病风险远高于有降温设施的区域, 预警指标, 无空调设施区域的室内热浪防护, 室内高温防护预警, 提供临时安置服务, Present_Tmax, 标签激活, 开放社区活动室, 通过, 标题, 组织志愿者为独居老人上门送清凉, 廉租房聚集区, 科学依据","Present_Tmax, lat, lon, urban_heat_island",urban_heat_island 标签激活 + Present_Tmax≥37℃；通过 lat/lon 定位老旧小区、廉租房聚集区,开放社区活动室、图书馆等公共降温场所，组织志愿者为独居老人上门送清凉，提供临时安置服务
KNOW_aeb618bc,热浪火灾风险联动,高温低湿下的火灾风险预警,Present_Tmax≥36℃+LDAPS_RHmin≤30%+LDAPS_WS≥2.5m/s 时，植被、建筑材料含水量极低，易引发森林或城市火灾，且火势蔓延速度快,"易引发森林或城市火灾, 建筑材料含水量极低, LDAPS_WS, 易燃易爆仓库周边, 36℃, 应对措施, 定位林区, 热浪火灾风险联动, 发布火灾风险橙色预警, 植被, 类别, 开展重点区域可燃物清理, LDAPS_RHmin, 预警指标, 禁止野外用火, 且火势蔓延速度快, Present_Tmax, 通过, 标题, 组织消防力量前置部署, 高温低湿下的火灾风险预警, 科学依据, 30%","Present_Tmax, LDAPS_RHmin, LDAPS_WS, lat, lon",Present_Tmax≥36℃+LDAPS_RHmin≤30%+LDAPS_WS≥2.5m/s；通过 lat/lon 定位林区、易燃易爆仓库周边,发布火灾风险橙色预警，禁止野外用火，组织消防力量前置部署，开展重点区域可燃物清理
KNOW_d6ef5df2,跨区域热浪传播预警,基于经纬度的热浪移动路径预警,热浪具有显著的区域传播特征，通过 lat/lon 追踪高温中心移动轨迹，结合 Next_Tmax 可预判下游区域热浪到达时间，提前预留防护窗口期,"网格扩展, 应对措施, 热浪具有显著的区域传播特征, 标签激活区域向相邻, 类别, 跨区域热浪传播预警, 小时内高温覆盖范围, 预警指标, 追踪高温中心移动轨迹, 调度降温物资跨区域调配, 预判, 可预判下游区域热浪到达时间, 基于经纬度的热浪移动路径预警, 组织基层防护人员培训, 提前预留防护窗口期, 通过, 标题, 结合, 35℃, 科学依据, Next_Tmax, 向下游预判区域提前发布热浪预警","Next_Tmax, lat, lon, heatwave",heatwave 标签激活区域向相邻 lat/lon 网格扩展 + Next_Tmax≥35℃；预判 24-48 小时内高温覆盖范围,向下游预判区域提前发布热浪预警，调度降温物资跨区域调配，组织基层防护人员培训
KNOW_10783dc9,24 小时短期热浪脉冲预警,短期极端高温脉冲的紧急响应,Next_Tmax 较 Present_Tmax 骤升≥5℃且达到 37℃以上时，属于短期高温脉冲，人体无法快速适应，热应激疾病发病率短时间内激增,"5℃, 短期极端高温脉冲的紧急响应, 以上时, 定位温度骤升区域, 应对措施, 37℃, 属于短期高温脉冲, 人体无法快速适应, 类别, 要求企事业单位立即调整户外作业计划, 发布短时高温紧急提示, 预警指标, 热应激疾病发病率短时间内激增, 骤升, 且达到, Present_Tmax, 学校暂停当日午后户外活动, 小时短期热浪脉冲预警, 通过, 标题, 科学依据, Next_Tmax","Present_Tmax, Next_Tmax, lat, lon",Next_Tmax - Present_Tmax ≥5℃+Next_Tmax≥37℃；通过 lat/lon 定位温度骤升区域,发布短时高温紧急提示，要求企事业单位立即调整户外作业计划，学校暂停当日午后户外活动
KNOW_637ae7cf,48 小时热浪发展分级,48 小时热浪强度发展趋势预警,基于连续两天的 Next_Tmax 预测，可划分热浪发展阶段，为不同时长的防护预案提供依据，避免应急响应滞后,"发展期储备降温物资, 应对措施, 35%, 37℃, 39℃, 类别, 可划分热浪发展阶段, 暂停非必要户外作业, 小时热浪强度发展趋势预警, LDAPS_RHmin, 预警指标, 为不同时长的防护预案提供依据, 小时热浪发展分级, 基于连续两天的, 峰值期启动一级应急响应, 发展期, 避免应急响应滞后, 峰值期, 标题, 35℃, 科学依据, Next_Tmax, 预测","Next_Tmax（24h）, Next_Tmax（48h）, LDAPS_RHmin",发展期：Next_Tmax（24h）≥35℃+Next_Tmax（48h）≥37℃；峰值期：Next_Tmax（24h）≥37℃+Next_Tmax（48h）≥39℃+LDAPS_RHmin≤35%,发展期储备降温物资；峰值期启动一级应急响应，暂停非必要户外作业
KNOW_88d22a85,热浪水资源协同预警,高温热浪与水资源短缺联动防护,Present_Tmax≥35℃时，居民生活用水、农业灌溉用水需求激增，若区域水资源储备不足，将引发供水紧张与高温缺水双重危机,"高温热浪与水资源短缺联动防护, 指导农业采用滴灌等节水灌溉技术, 居民生活用水, 应对措施, 区域供水缺口, 农业灌溉用水需求激增, 类别, 限制高耗水工业用水, 10%, 若区域水资源储备不足, 预警指标, 优先保障居民饮用水供应, 定位缺水风险较高的城镇, 且连续, 热浪水资源协同预警, 将引发供水紧张与高温缺水双重危机, Present_Tmax, 通过, 标题, 35℃, 科学依据, 实施分时段供水方案","Present_Tmax, lat, lon",Present_Tmax≥35℃且连续≥3 天 + 区域供水缺口≥10%；通过 lat/lon 定位缺水风险较高的城镇,实施分时段供水方案，优先保障居民饮用水供应，指导农业采用滴灌等节水灌溉技术，限制高耗水工业用水
KNOW_7dd51c38,易感人群轨迹关联预警,基于位置轨迹的易感人群精准防护,通过 lat/lon 实时追踪老年人、慢性病患者等易感人群移动轨迹，结合 Present_Tmax 可动态评估其高温暴露风险，实现靶向防护,"调度社区工作人员就近提供帮扶, 实现靶向防护, 易感人群轨迹关联预警, 核心区, 小时, 实时追踪老年人, 易感人群轨迹在户外停留时间, 应对措施, 类别, 慢性病患者等易感人群移动轨迹, 引导其前往就近降温场所, 预警指标, 可动态评估其高温暴露风险, 基于位置轨迹的易感人群精准防护, 或轨迹进入, 向易感人群及其监护人发送风险提示, Present_Tmax, 通过, 标题, 结合, 35℃, 科学依据","Present_Tmax, lat, lon",Present_Tmax≥35℃+ 易感人群轨迹在户外停留时间≥1 小时；或轨迹进入 urban_heat_island 核心区,向易感人群及其监护人发送风险提示，调度社区工作人员就近提供帮扶，引导其前往就近降温场所
KNOW_babcc6ff,高温建筑施工安全,建筑施工领域的热浪安全阈值,Present_Tmax≥36℃时，混凝土水化热加速易导致开裂，同时施工人员在露天高处作业，热应激风险极高，需针对性制定施工规范,"LDAPS_WS, 高温建筑施工安全, 定位在建工地, 极高风险, 36℃, 38℃, 应对措施, 同时施工人员在露天高处作业, 对已浇筑混凝土采取遮阳保湿养护, 常规施工风险, 建筑施工领域的热浪安全阈值, 类别, 需针对性制定施工规范, 热应激风险极高, 预警指标, 露天作业, Present_Tmax, 极高风险时暂停高处, 通过, 标题, 做早歇午, 常规风险时实行, 科学依据, 混凝土水化热加速易导致开裂, 施工制度","Present_Tmax, LDAPS_WS, lat, lon",Present_Tmax≥36℃（常规施工风险）；Present_Tmax≥38℃+LDAPS_WS≤1m/s（极高风险）；通过 lat/lon 定位在建工地,常规风险时实行 “做早歇午” 施工制度；极高风险时暂停高处、露天作业，对已浇筑混凝土采取遮阳保湿养护
KNOW_be5615e4,宠物热浪防护,伴侣动物的热浪热应激预警,宠物（尤其是犬类）散热效率低，Present_Tmax≥32℃时，户外停留 15 分钟以上即可能引发热射病，urban_heat_island 区域沥青路面易烫伤脚掌,"户外停留, 向宠物主人推送高温防护指南, 应对措施, 禁止正午时段遛宠, 宠物热浪防护, 宠物乐园, 公园, 类别, 32℃, 宠物, 尤其是犬类, 定位宠物活动密集区域, 预警指标, 在宠物密集区域设置饮水点与遮阳棚, Present_Tmax, 伴侣动物的热浪热应激预警, 标签激活, 通过, 标题, 科学依据, 分钟以上即可能引发热射病, 区域沥青路面易烫伤脚掌, 散热效率低","Present_Tmax, urban_heat_island, lat, lon",Present_Tmax≥32℃+urban_heat_island 标签激活；通过 lat/lon 定位宠物活动密集区域（公园、宠物乐园）,向宠物主人推送高温防护指南，禁止正午时段遛宠，在宠物密集区域设置饮水点与遮阳棚
KNOW_f355391f,热浪心理健康防护,高温热浪引发的心理健康风险预警,Present_Tmax 连续≥35℃时，人体下丘脑 - 垂体 - 肾上腺轴功能紊乱，易引发焦虑、失眠、情绪易怒等心理问题，LDAPS_RHmin≤35% 时症状加重,"垂体, 失眠, 通过媒体推送高温情绪调节技巧, 应对措施, 35%, 高温热浪引发的心理健康风险预警, 类别, 定位人口密集社区, 易引发焦虑, LDAPS_RHmin, 预警指标, 时症状加重, 热浪心理健康防护, 人体下丘脑, 连续, 肾上腺轴功能紊乱, Present_Tmax, 通过, 标题, 开放心理援助热线, 35℃, 科学依据, 社区开展降温纳凉文体活动, 情绪易怒等心理问题","Present_Tmax, LDAPS_RHmin, lat, lon",Present_Tmax≥35℃连续≥4 天 + LDAPS_RHmin≤35%；通过 lat/lon 定位人口密集社区,开放心理援助热线，社区开展降温纳凉文体活动，通过媒体推送高温情绪调节技巧
KNOW_5b27e9df,综合热应激指数预警,温湿度 - 风速协同热应激指数应用,综合热应激指数（HI）=0.7×Present_Tmax + 0.3×(100-LDAPS_RHmin) - 0.5×LDAPS_WS，HI 值可更全面反映实际热应激风险,"LDAPS_WS, 综合热应激指数预警, 重度风险, 风速协同热应激指数应用, 重度风险时需在降温环境中休息, 应对措施, 类别, 综合热应激指数, 中度风险时减少外出, LDAPS_RHmin, 预警指标, 值可更全面反映实际热应激风险, HI, 轻度不适, 轻度不适时增加室内通风, Present_Tmax, 避免情绪激动, 温湿度, 标题, 中度风险, 科学依据","Present_Tmax, LDAPS_RHmin, LDAPS_WS",HI≥70（轻度不适）；HI≥80（中度风险）；HI≥90（重度风险）,轻度不适时增加室内通风；中度风险时减少外出；重度风险时需在降温环境中休息，避免情绪激动
KNOW_e26b1921,极端高温脉冲预警,单日极端高温脉冲的灾害预警,Present_Tmax 单日较前一日升幅≥6℃且达到 38℃以上时，属于极端高温脉冲，社会各界防护准备时间不足，易引发公共安全事件,"属于极端高温脉冲, 以上时, 极端高温脉冲预警, 易引发公共安全事件, 电力应急供应, 38℃, 应对措施, 保障交通, 单日较前一日升幅, 类别, 单日极端高温脉冲的灾害预警, 临时开放所有公共场馆作为降温点, 预警指标, 6℃, 前一日, 且达到, Present_Tmax, 标签激活, 标题, 启动紧急降温预案, 社会各界防护准备时间不足, 科学依据, 发布突发高温红色预警","Present_Tmax, lat, lon, heatwave",Present_Tmax - 前一日 Present_Tmax ≥6℃+Present_Tmax≥38℃；heatwave 标签激活,发布突发高温红色预警，启动紧急降温预案，临时开放所有公共场馆作为降温点，保障交通、电力应急供应
KNOW_2053f565,热浪饮水安全预警,高温热浪下的饮用水安全保障,Present_Tmax≥35℃时，饮用水储存容器易滋生细菌，管网末梢水余氯含量下降，同时居民饮水量激增，易出现供水水质波动,"水务部门加密水质检测频次, 饮用水储存容器易滋生细菌, 应对措施, 类别, 热浪饮水安全预警, 管网末梢水余氯含量下降, 易出现供水水质波动, 高温热浪下的饮用水安全保障, 预警指标, 对老旧管网进行应急维护, 连续, 向居民推送饮用水储存与消毒指南, 定位老旧供水管网覆盖区域, Present_Tmax, 通过, 标题, 35℃, 科学依据, 同时居民饮水量激增","Present_Tmax, lat, lon",Present_Tmax≥35℃连续≥3 天；通过 lat/lon 定位老旧供水管网覆盖区域,水务部门加密水质检测频次，向居民推送饮用水储存与消毒指南，对老旧管网进行应急维护
KNOW_1f8b5762,养老院专项热浪预案,养老机构的热浪应急防护标准,养老院集中居住大量老年易感人群，Present_Tmax≥33℃时，需启动专项防护，避免群体性热相关疾病发生,"避免群体性热相关疾病发生, 启动, DEM, 应对措施, 高海拔区域, 类别, 养老院集中居住大量老年易感人群, 准备热射病急救设备与药品, 33℃, 预警指标, 平原区域, 小时空调供应, Present_Tmax, 禁止老人自行外出, 标题, 30℃, 每日定时测量老人体温与血压, 科学依据, 养老机构的热浪应急防护标准, 需启动专项防护, 养老院专项热浪预案","Present_Tmax, DEM, lat, lon",平原区域（DEM<800m）：Present_Tmax≥33℃；高海拔区域（DEM≥1500m）：Present_Tmax≥30℃,启动 24 小时空调供应，每日定时测量老人体温与血压，准备热射病急救设备与药品，禁止老人自行外出
KNOW_11bfbf32,电网负荷精细化预测,分时段电网高温负荷预警,Present_Tmax≥35℃时，10:00-12:00、18:00-22:00 为用电高峰，urban_heat_island 区域负荷密度最高，需精准预判避免电网过载,"实施错峰用电政策, 应对措施, 预测高峰时段负荷, 类别, 预警指标, 引导工业用户在高峰时段避峰生产, 区域负荷密度最高, 需精准预判避免电网过载, Present_Tmax, 标签激活, 分时段电网高温负荷预警, 标题, 电网承载能力的, 为用电高峰, 对电网薄弱区域提前部署应急发电设备, 电网负荷精细化预测, 35℃, 科学依据, 95%","Present_Tmax, urban_heat_island, lat, lon",urban_heat_island 标签激活 + Present_Tmax≥35℃；预测高峰时段负荷≥电网承载能力的 95%,实施错峰用电政策，引导工业用户在高峰时段避峰生产，对电网薄弱区域提前部署应急发电设备
KNOW_1ddd92c3,纬度差异化热浪阈值,不同纬度区域的热浪判定阈值调整,低纬度区域（lat<25°N）居民热适应能力较强，高纬度区域（lat>35°N）居民热耐受度低，需按纬度调整热浪判定阈值,"纬度差异化热浪阈值, 低纬度区域重点保障户外作业人员, 应对措施, 37℃, 类别, 居民热耐受度低, 33℃, 高纬度区域全面开放降温场所, 预警指标, 连续, 中纬度, 居民热适应能力较强, 需按纬度调整热浪判定阈值, 不同纬度区域的热浪判定阈值调整, 高纬度区域, Present_Tmax, 高纬度, 标题, 低纬度, 低纬度区域, 加强对所有人群的防护宣传, 35℃, 科学依据","Present_Tmax, lat, lon",低纬度（lat<25°N）：Present_Tmax≥37℃连续≥3 天；中纬度（25°N≤lat≤35°N）：Present_Tmax≥35℃连续≥3 天；高纬度（lat>35°N）：Present_Tmax≥33℃连续≥3 天,低纬度区域重点保障户外作业人员；高纬度区域全面开放降温场所，加强对所有人群的防护宣传
KNOW_c135c3df,热浪后病虫害预警,高温热浪后的农作物病虫害防控,Next_Tmax≥35℃+LDAPS_RHmin≥40% 时，高温高湿环境利于病虫害滋生，热浪结束后 7-10 天易爆发病虫害，需提前预防,"热浪结束后及时喷施预防性农药, 应对措施, 40%, 高温热浪后的农作物病虫害防控, 类别, 热浪后病虫害预警, 需提前预防, LDAPS_RHmin, 预警指标, 天易爆发病虫害, 高温高湿环境利于病虫害滋生, 连续, 热浪结束后, 定位主要农作物产区, 监测病虫害发生动态, 通过, 标题, 35℃, 科学依据, 指导农户在热浪期间加强田间通风降湿, Next_Tmax","Next_Tmax, LDAPS_RHmin, lat, lon",Next_Tmax≥35℃连续≥2 天 + LDAPS_RHmin≥40%；通过 lat/lon 定位主要农作物产区,指导农户在热浪期间加强田间通风降湿，热浪结束后及时喷施预防性农药，监测病虫害发生动态
KNOW_c7f5d29d,临时安置点热浪防护,自然灾害临时安置点的热浪防护,临时安置点（帐篷、活动板房）隔热性差，Present_Tmax≥32℃时，室内温度可达 38℃以上，居住人员密度高，热应激风险集中,"降温风扇, 帐篷, 保障饮用水与防暑药品充足供应, 以上, 38℃, 活动板房, 应对措施, 搭建遮阳棚, 临时安置点, 类别, 32℃, 定位临时安置点位置, 热应激风险集中, 预警指标, 临时安置点热浪防护, Present_Tmax, 自然灾害临时安置点的热浪防护, 通过, 标题, 隔热性差, 居住人员密度高, 室内温度可达, 为安置点配备移动空调, 科学依据, 实行分时段通风","Present_Tmax, lat, lon",Present_Tmax≥32℃；通过 lat/lon 定位临时安置点位置,为安置点配备移动空调、降温风扇，搭建遮阳棚，实行分时段通风，保障饮用水与防暑药品充足供应
KNOW_7250071c,热浪臭氧污染协同,高温热浪与臭氧污染的复合预警,Present_Tmax≥35℃时，太阳辐射增强促进臭氧生成，臭氧浓度升高与高温叠加，将加重呼吸系统损伤，尤其对儿童与哮喘患者影响显著,"定位臭氧污染高值区, 臭氧浓度升高与高温叠加, 将加重呼吸系统损伤, 发布高温, 应对措施, 外出时佩戴防护口罩, 类别, 太阳辐射增强促进臭氧生成, 医疗机构增设呼吸系统专科门诊, 臭氧污染双重预警, 预警指标, 建议居民减少外出, 高温热浪与臭氧污染的复合预警, 尤其对儿童与哮喘患者影响显著, 区域臭氧浓度, Present_Tmax, 通过, 标题, 35℃, 科学依据, 热浪臭氧污染协同","Present_Tmax, lat, lon",Present_Tmax≥35℃+ 区域臭氧浓度≥160μg/m³；通过 lat/lon 定位臭氧污染高值区,发布高温 + 臭氧污染双重预警，建议居民减少外出，外出时佩戴防护口罩，医疗机构增设呼吸系统专科门诊
KNOW_4edad49d,风速梯度热浪缓解,不同风速梯度的热浪缓解效果评估,LDAPS_WS 在不同区间对高温的缓解作用存在差异，量化风速阈值可优化防护策略，避免单一风速标准的局限性,"风速梯度热浪缓解, LDAPS_WS, 应对措施, 避免单一风速标准的局限性, 类别, 不同风速梯度的热浪缓解效果评估, 强缓解时适当放宽户外作业时间限制, 预警指标, 在不同区间对高温的缓解作用存在差异, 中缓解时可维持常规户外作业间隔, Present_Tmax, 标题, 弱缓解, 35℃, 科学依据, 强缓解, 弱缓解时增加降温措施, 量化风速阈值可优化防护策略, 中缓解","Present_Tmax, LDAPS_WS",弱缓解：Present_Tmax≥35℃+1m/s<LDAPS_WS≤2m/s；中缓解：Present_Tmax≥35℃+2m/s<LDAPS_WS≤3m/s；强缓解：Present_Tmax≥35℃+LDAPS_WS>3m/s,弱缓解时增加降温措施；中缓解时可维持常规户外作业间隔；强缓解时适当放宽户外作业时间限制
KNOW_34514502,户外赛事热浪安全,户外赛事 / 活动的热浪安全阈值,Present_Tmax≥32℃+LDAPS_RHmin≤45% 时，长时间户外剧烈运动易引发群体性热射病，需设定赛事举办的安全红线,"34℃, 高风险时延期或取消赛事, 户外赛事, 需设定赛事举办的安全红线, 应对措施, 类别, 长时间户外剧烈运动易引发群体性热射病, 32℃, LDAPS_RHmin, 预警指标, 低风险时正常举办, 户外赛事热浪安全, Present_Tmax, 高风险, 增加补水点, 标题, 中风险时缩短赛事时长, 中风险, 45%, 科学依据, 活动的热浪安全阈值, 低风险","Present_Tmax, LDAPS_RHmin, lat, lon",低风险：Present_Tmax<32℃；中风险：32℃≤Present_Tmax<34℃；高风险：Present_Tmax≥34℃或 LDAPS_RHmin≤45%,低风险时正常举办；中风险时缩短赛事时长、增加补水点；高风险时延期或取消赛事
